-- senators

INSERT INTO politicians VALUES ('Harry Reid', '1939-12-02', 4638027., TRUE, 'Democrat', 27); 
INSERT INTO senators VALUES('Harry Reid', '1939-12-02');

INSERT INTO politicians VALUES ('Marco Rubio', ' 1971-05-28', 371006, TRUE, 'Republican', 3);
INSERT INTO senators VALUES('Marco Rubio', ' 1971-05-28');

INSERT INTO politicians VALUES ('Ted Cruz', '1970-12-22', 3013518, TRUE, 'Republican', 1);
INSERT INTO senators VALUES('Ted Cruz', '1970-12-22');

INSERT INTO politicians VALUES ('Chuck Schumer', '1950-11-23', 779008, TRUE, 'Democrat', 15);
INSERT INTO senators VALUES('Chuck Schumer', '1950-11-23');

INSERT INTO politicians VALUES ('Bernie Sanders', '1941-09-08', 436013, TRUE, 'Independent', 7);
INSERT INTO senators VALUES('Bernie Sanders', '1941-09-08');

INSERT INTO politicians VALUES ('Rand Paul', '1963-01-07', 1193018, TRUE, 'Republican', 3);
INSERT INTO senators VALUES('Rand Paul', '1963-01-07');

INSERT INTO politicians VALUES ('Mitch McConnell', '1942-02-20', 22164529, TRUE, 'Republican', 29);
INSERT INTO senators VALUES('Mitch McConnell', '1942-02-20');

INSERT INTO politicians VALUES ('Barbara Boxer', '1940-11-11', 3189004, TRUE, 'Democrat', 21);
INSERT INTO senators VALUES('Barbara Boxer', '1940-11-11');

INSERT INTO politicians VALUES ('Elizabeth Warren', '1949-06-22',  7484514, TRUE, 'Democrat', 1);
INSERT INTO senators VALUES('Elizabeth Warren', '1949-06-22');

INSERT INTO politicians VALUES ('John McCain', '1936-08-29', 19642067, TRUE, 'Republican', 27);
INSERT INTO senators VALUES('John McCain', '1936-08-29');

INSERT INTO politicians VALUES ('Dean Heller', '1960-05-10', 4740517, TRUE, 'Republican', 3);
INSERT INTO senators VALUES('Dean Heller', '1960-05-10');

INSERT INTO politicians VALUES ('Dianne Feinstein', '1933-06-22', 94202571, TRUE, 'Democrat', 22);
INSERT INTO senators VALUES('Dianne Feinstein', '1933-06-22');

INSERT INTO politicians VALUES ('Patrick Leahy', '1940-03-31', 257004, TRUE, 'Democrat', 39);
INSERT INTO senators VALUES('Patrick Leahy', '1940-03-31');

INSERT INTO politicians VALUES ('Bill Nelson', '1942-09-29', 3474012, TRUE, 'Democrat', 13);
INSERT INTO senators VALUES('Bill Nelson', '1942-09-29');

INSERT INTO politicians VALUES ('John Cornyn', '1952-02-02', 538008, TRUE, 'Republican', 12);
INSERT INTO senators VALUES('John Cornyn', '1952-02-02');

INSERT INTO politicians VALUES ('Kirsten Gillibrand', '1966-12-09', 231503, TRUE, 'Democrat', 5);
INSERT INTO senators VALUES('Kirsten Gillibrand', '1966-12-09');

INSERT INTO politicians VALUES ('Ed Markey', '1946-07-11', 2182513, TRUE, 'Democrat', 1);
INSERT INTO senators VALUES('Ed Markey', '1946-07-11');

INSERT INTO politicians VALUES ('Jeff Flake', '1962-12-31', 283001, TRUE, 'Republican', 1);
INSERT INTO senators VALUES('Jeff Flake', '1962-12-31');

INSERT INTO politicians VALUES ('Bob Menendez', '1954-01-01', 348502, TRUE, 'Democrat', 8);
INSERT INTO senators VALUES('Bob Menendez', '1954-01-01');

INSERT INTO politicians VALUES ('Cory Booker', '1969-04-27', 563002, TRUE, 'Democrat', 1);
INSERT INTO senators VALUES('Cory Booker', '1969-04-27');


-- representatives 
INSERT INTO politicians VALUES ('John Boehner', '1949-11-17', 4092054, TRUE, 'Republican', 23);
INSERT INTO politicians VALUES ('Nancy Pelosi', '1940-03-26', 101272023, TRUE, 'Democrat', 27);
INSERT INTO politicians VALUES ('Eric Cantor', '1963-06-06', 13073557, TRUE, 'Republican', 11);
INSERT INTO politicians VALUES ('Paul Ryan', '1970-01-29', 5067051, TRUE, 'Republican', 15);
INSERT INTO politicians VALUES ('Kevin McCarthy', '1965-01-26', 306504, TRUE, 'Republican', 7);
INSERT INTO politicians VALUES ('Tulsi Gabbard', '1981-04-12', 183504, TRUE, 'Democrat', 1);
INSERT INTO politicians VALUES ('Steny Hoyer', '1939-06-14', 33502, TRUE, 'Democrat', 33);
INSERT INTO politicians VALUES ('James Clyburn', '1940-07-21', 476011, TRUE, 'Democrat', 17);
INSERT INTO politicians VALUES ('Steve Scalise', '1965-10-06', -20999, TRUE, 'Republican', 6);
INSERT INTO politicians VALUES ('Cathy McMorris Rodgers', '1969-05-22', 1263509, TRUE, 'Republican', 1);

INSERT INTO representatives VALUES('John Boehner', '1949-11-17');
INSERT INTO representatives VALUES('Nancy Pelosi', '1940-03-26');
INSERT INTO representatives VALUES('Eric Cantor', '1963-06-06');
INSERT INTO representatives VALUES('Paul Ryan', '1970-01-29');
INSERT INTO representatives VALUES('Kevin McCarthy', '1965-01-26');
INSERT INTO representatives VALUES('Tulsi Gabbard', '1981-04-12');
INSERT INTO representatives VALUES('Steny Hoyer', '1939-06-14');
INSERT INTO representatives VALUES('James Clyburn', '1940-07-21');
INSERT INTO representatives VALUES('Steve Scalise', '1965-10-06');
INSERT INTO representatives VALUES ('Cathy McMorris Rodgers', '1969-05-22');
